Challenge,Effort
"me bohat zada hurt hooo
",5
"me bohat zada hurt hooo
",5
"
",5
mainy job karnor now mainy ye decide kiya hy k me sirf apni study par focus karongi tak aihi jaga focus kar sakooy ka decide kar k bohat galat kiya jis sy meri study par boaht zada effect parra ,5
mainy job karnor now mainy ye decide kiya hy k me sirf apni study par focus karongi tak aihi jaga focus kar sakooy ka decide kar k bohat galat kiya jis sy meri study par boaht zada effect parra ,5
mainy job karnor now mainy ye decide kiya hy k me sirf apni study par focus karongi tak aihi jaga focus kar sakooy ka decide kar k bohat galat kiya jis sy meri study par boaht zada effect parra ,5
mainy job karnor now mainy ye decide kiya hy k me sirf apni study par focus karongi tak aihi jaga focus kar sakooy ka decide kar k bohat galat kiya jis sy meri study par boaht zada effect parra ,5
mainy job karnor now mainy ye decide kiya hy k me sirf apni study par focus karongi tak aihi jaga focus kar sakooy ka decide kar k bohat galat kiya jis sy meri study par boaht zada effect parra ,5
mainy job karnor now mainy ye decide kiya hy k me sirf apni study par focus karongi tak aihi jaga focus kar sakooy ka decide kar k bohat galat kiya jis sy meri study par boaht zada effect parra ,5
mainy job karnor now mainy ye decide kiya hy k me sirf apni study par focus karongi tak aihi jaga focus kar sakooy ka decide kar k bohat galat kiya jis sy meri study par boaht zada effect parra ,5
mainy job karnor now mainy ye decide kiya hy k me sirf apni study par focus karongi tak aihi jaga focus kar sakooy ka decide kar k bohat galat kiya jis sy meri study par boaht zada effect parra ,5
mainy job karnor now mainy ye decide kiya hy k me sirf apni study par focus karongi tak aihi jaga focus kar sakooy ka decide kar k bohat galat kiya jis sy meri study par boaht zada effect parra ,5
mainy job karnor now mainy ye decide kiya hy k me sirf apni study par focus karongi tak aihi jaga focus kar sakooy ka decide kar k bohat galat kiya jis sy meri study par boaht zada effect parra ,5
